"id_pelanggan","nama_lengkap","email"
1,"Eka Arya Rahmawati","ekaaryarahmawati@seblakprasmanan.cth"
2,"Citra Saputra Kusumawardhani","citrasaputrakusumawardhani@seblakprasmanan.cth"
3,"Eka Setiawan Saputra","ekasetiawansaputra@seblakprasmanan.cth"
4,"Dwi Permata Supriyanto","dwipermatasupriyanto@seblakprasmanan.cth"
5,"Budi Permata Supriyanto","budipermatasupriyanto@seblakprasmanan.cth"
6,"Joko Ramadhany Kusumawardhani","jokoramadhanykusumawardhani@seblakprasmanan.cth"
7,"Budi Agung Rahmawati","budiagungrahmawati@seblakprasmanan.cth"
8,"Citra Saputra Rahmawati","citrasaputrarahmawati@seblakprasmanan.cth"
9,"Dwi Saputra Rahmawati","dwisaputrarahmawati@seblakprasmanan.cth"
10,"Dwi Setiawan Wulandari","dwisetiawanwulandari@seblakprasmanan.cth"
11,"Citra Saputra Supriyanto","citrasaputrasupriyanto@seblakprasmanan.cth"
12,"Joko Wulan Wulandari","jokowulanwulandari@seblakprasmanan.cth"
13,"Andi Putri Rahmawati","andiputrirahmawati@seblakprasmanan.cth"
14,"Andi Saputra Permana","andisaputrapermana@seblakprasmanan.cth"
15,"Budi Aji Putri","budiajiputri@seblakprasmanan.cth"
16,"Intan Kusuma Setyaningsih","intankusumasetyaningsih@seblakprasmanan.cth"
17,"Budi Ramadhany Setyaningsih","budiramadhanysetyaningsih@seblakprasmanan.cth"
18,"Budi Wulan Wulandari","budiwulanwulandari@seblakprasmanan.cth"
19,"Intan Putri Saputra","intanputrisaputra@seblakprasmanan.cth"
20,"Dwi Dewi Supriyanto","dwidewisupriyanto@seblakprasmanan.cth"
21,"Dwi Dewi Aditya","dwidewiaditya@seblakprasmanan.cth"
22,"Citra Dewi Kusumawardhani","citradewikusumawardhani@seblakprasmanan.cth"
23,"Citra Aji Kusumawardhani","citraajikusumawardhani@seblakprasmanan.cth"
24,"Intan Permata Rahmawati","intanpermatarahmawati@seblakprasmanan.cth"
25,"Joko Wulan Aditya","jokowulanaditya@seblakprasmanan.cth"
26,"Andi Setiawan Setyaningsih","andisetiawansetyaningsih@seblakprasmanan.cth"
27,"Fajar Putri Putri","fajarputriputri@seblakprasmanan.cth"
28,"Gita Agung Saputra","gitaagungsaputra@seblakprasmanan.cth"
29,"Eka Kusuma Putri","ekakusumaputri@seblakprasmanan.cth"
30,"Joko Aji Kusumawardhani","jokoajikusumawardhani@seblakprasmanan.cth"
31,"Dwi Putri Kusumawardhani","dwiputrikusumawardhani@seblakprasmanan.cth"
32,"Dwi Saputra Setyaningsih","dwisaputrasetyaningsih@seblakprasmanan.cth"
33,"Joko Permata Permana","jokopermatapermana@seblakprasmanan.cth"
34,"Eka Rani Permana","ekaranipermana@seblakprasmanan.cth"
35,"Dwi Ramadhany Hartono","dwiramadhanyhartono@seblakprasmanan.cth"
36,"Gita Arya Saputra","gitaaryasaputra@seblakprasmanan.cth"
37,"Joko Wulan Kusumawardhani","jokowulankusumawardhani@seblakprasmanan.cth"
38,"Citra Dewi Supriyanto","citradewisupriyanto@seblakprasmanan.cth"
39,"Budi Kusuma Kusumawardhani","budikusumakusumawardhani@seblakprasmanan.cth"
40,"Intan Aji Putri","intanajiputri@seblakprasmanan.cth"
41,"Citra Dewi Saputra","citradewisaputra@seblakprasmanan.cth"
42,"Joko Nur Setyaningsih","jokonursetyaningsih@seblakprasmanan.cth"
43,"Hani Aji Supriyanto","haniajisupriyanto@seblakprasmanan.cth"
44,"Gita Ramadhan Wulandari","gitaramadhanwulandari@seblakprasmanan.cth"
45,"Citra Nur Setyaningsih","citranursetyaningsih@seblakprasmanan.cth"
46,"Gita Permata Kusumawardhani","gitapermatakusumawardhani@seblakprasmanan.cth"
47,"Fajar Setiawati Aditya","fajarsetiawatiaditya@seblakprasmanan.cth"
48,"Joko Setiawati Wulandari","jokosetiawatiwulandari@seblakprasmanan.cth"
49,"Joko Agung Hartono","jokoagunghartono@seblakprasmanan.cth"
50,"Citra Ramadhan Saputra","citraramadhansaputra@seblakprasmanan.cth"
51,"Fajar Nur Hartono","fajarnurhartono@seblakprasmanan.cth"
52,"Eka Aji Hartono","ekaajihartono@seblakprasmanan.cth"
53,"Dwi Rani Wulandari","dwiraniwulandari@seblakprasmanan.cth"
54,"Hani Kusuma Permana","hanikusumapermana@seblakprasmanan.cth"
55,"Citra Agung Permana","citraagungpermana@seblakprasmanan.cth"
56,"Hani Kusuma Wulandari","hanikusumawulandari@seblakprasmanan.cth"
57,"Intan Dewi Saputra","intandewisaputra@seblakprasmanan.cth"
58,"Intan Permata Wulandari","intanpermatawulandari@seblakprasmanan.cth"
59,"Fajar Kusuma Permana","fajarkusumapermana@seblakprasmanan.cth"
60,"Fajar Arya Wulandari","fajararyawulandari@seblakprasmanan.cth"
61,"Andi Putri Permana","andiputripermana@seblakprasmanan.cth"
62,"Joko Ramadhany Hartono","jokoramadhanyhartono@seblakprasmanan.cth"
63,"Eka Dewi Aditya","ekadewiaditya@seblakprasmanan.cth"
64,"Andi Setiawan Supriyanto","andisetiawansupriyanto@seblakprasmanan.cth"
65,"Intan Rani Saputra","intanranisaputra@seblakprasmanan.cth"
66,"Joko Putri Supriyanto","jokoputrisupriyanto@seblakprasmanan.cth"
67,"Budi Rani Saputra","budiranisaputra@seblakprasmanan.cth"
68,"Intan Putri Setyaningsih","intanputrisetyaningsih@seblakprasmanan.cth"
69,"Andi Setiawan Putri","andisetiawanputri@seblakprasmanan.cth"
70,"Joko Wulan Rahmawati","jokowulanrahmawati@seblakprasmanan.cth"
71,"Dwi Setiawati Supriyanto","dwisetiawatisupriyanto@seblakprasmanan.cth"
72,"Gita Agung Supriyanto","gitaagungsupriyanto@seblakprasmanan.cth"
73,"Andi Agung Supriyanto","andiagungsupriyanto@seblakprasmanan.cth"
74,"Fajar Dewi Putri","fajardewiputri@seblakprasmanan.cth"
75,"Citra Putri Aditya","citraputriaditya@seblakprasmanan.cth"
76,"Gita Permata Putri","gitapermataputri@seblakprasmanan.cth"
77,"Joko Agung Wulandari","jokoagungwulandari@seblakprasmanan.cth"
78,"Fajar Nur Setyaningsih","fajarnursetyaningsih@seblakprasmanan.cth"
79,"Dwi Ramadhany Kusumawardhani","dwiramadhanykusumawardhani@seblakprasmanan.cth"
80,"Eka Nur Saputra","ekanursaputra@seblakprasmanan.cth"
81,"Citra Aji Aditya","citraajiaditya@seblakprasmanan.cth"
82,"Joko Dewi Kusumawardhani","jokodewikusumawardhani@seblakprasmanan.cth"
83,"Fajar Ramadhan Saputra","fajarramadhansaputra@seblakprasmanan.cth"
84,"Dwi Nur Supriyanto","dwinursupriyanto@seblakprasmanan.cth"
85,"Hani Setiawati Wulandari","hanisetiawatiwulandari@seblakprasmanan.cth"
86,"Budi Setiawati Hartono","budisetiawatihartono@seblakprasmanan.cth"
87,"Dwi Ramadhan Hartono","dwiramadhanhartono@seblakprasmanan.cth"
88,"Joko Setiawati Hartono","jokosetiawatihartono@seblakprasmanan.cth"
89,"Andi Saputra Hartono","andisaputrahartono@seblakprasmanan.cth"
90,"Intan Aji Aditya","intanajiaditya@seblakprasmanan.cth"
91,"Hani Nur Saputra","haninursaputra@seblakprasmanan.cth"
92,"Hani Aji Hartono","haniajihartono@seblakprasmanan.cth"
93,"Budi Nur Hartono","budinurhartono@seblakprasmanan.cth"
94,"Fajar Nur Wulandari","fajarnurwulandari@seblakprasmanan.cth"
95,"Intan Arya Aditya","intanaryaaditya@seblakprasmanan.cth"
96,"Joko Arya Putri","jokoaryaputri@seblakprasmanan.cth"
97,"Eka Nur Setyaningsih","ekanursetyaningsih@seblakprasmanan.cth"
98,"Fajar Ramadhan Hartono","fajarramadhanhartono@seblakprasmanan.cth"
99,"Dwi Saputra Putri","dwisaputraputri@seblakprasmanan.cth"
100,"Joko Setiawan Kusumawardhani","jokosetiawankusumawardhani@seblakprasmanan.cth"
101,"Citra Agung Setyaningsih","citraagungsetyaningsih@seblakprasmanan.cth"
102,"Joko Putri Setyaningsih","jokoputrisetyaningsih@seblakprasmanan.cth"
103,"Intan Agung Putri","intanagungputri@seblakprasmanan.cth"
104,"Andi Ramadhan Permana","andiramadhanpermana@seblakprasmanan.cth"
105,"Fajar Rani Saputra","fajarranisaputra@seblakprasmanan.cth"
106,"Gita Permata Saputra","gitapermatasaputra@seblakprasmanan.cth"
107,"Fajar Dewi Aditya","fajardewiaditya@seblakprasmanan.cth"
108,"Citra Wulan Kusumawardhani","citrawulankusumawardhani@seblakprasmanan.cth"
109,"Citra Aji Permana","citraajipermana@seblakprasmanan.cth"
110,"Gita Ramadhany Kusumawardhani","gitaramadhanykusumawardhani@seblakprasmanan.cth"
111,"Fajar Setiawan Rahmawati","fajarsetiawanrahmawati@seblakprasmanan.cth"
112,"Intan Rani Putri","intanraniputri@seblakprasmanan.cth"
113,"Andi Ramadhany Hartono","andiramadhanyhartono@seblakprasmanan.cth"
114,"Dwi Rani Permana","dwiranipermana@seblakprasmanan.cth"
115,"Eka Dewi Permana","ekadewipermana@seblakprasmanan.cth"
116,"Hani Ramadhany Saputra","haniramadhanysaputra@seblakprasmanan.cth"
117,"Eka Ramadhany Saputra","ekaramadhanysaputra@seblakprasmanan.cth"
118,"Eka Aji Rahmawati","ekaajirahmawati@seblakprasmanan.cth"
119,"Gita Ramadhan Aditya","gitaramadhanaditya@seblakprasmanan.cth"
120,"Citra Setiawan Permana","citrasetiawanpermana@seblakprasmanan.cth"
121,"Eka Aji Wulandari","ekaajiwulandari@seblakprasmanan.cth"
122,"Eka Kusuma Supriyanto","ekakusumasupriyanto@seblakprasmanan.cth"
123,"Budi Arya Wulandari","budiaryawulandari@seblakprasmanan.cth"
124,"Hani Setiawan Setyaningsih","hanisetiawansetyaningsih@seblakprasmanan.cth"
125,"Gita Aji Permana","gitaajipermana@seblakprasmanan.cth"
126,"Fajar Permata Supriyanto","fajarpermatasupriyanto@seblakprasmanan.cth"
127,"Dwi Ramadhan Putri","dwiramadhanputri@seblakprasmanan.cth"
128,"Andi Agung Aditya","andiagungaditya@seblakprasmanan.cth"
129,"Budi Arya Saputra","budiaryasaputra@seblakprasmanan.cth"
130,"Joko Ramadhany Setyaningsih","jokoramadhanysetyaningsih@seblakprasmanan.cth"
131,"Budi Rani Setyaningsih","budiranisetyaningsih@seblakprasmanan.cth"
132,"Andi Arya Hartono","andiaryahartono@seblakprasmanan.cth"
133,"Gita Putri Rahmawati","gitaputrirahmawati@seblakprasmanan.cth"
134,"Fajar Putri Permana","fajarputripermana@seblakprasmanan.cth"
135,"Intan Rani Hartono","intanranihartono@seblakprasmanan.cth"
136,"Hani Wulan Permana","haniwulanpermana@seblakprasmanan.cth"
137,"Eka Ramadhan Permana","ekaramadhanpermana@seblakprasmanan.cth"
138,"Fajar Ramadhan Setyaningsih","fajarramadhansetyaningsih@seblakprasmanan.cth"
139,"Gita Ramadhan Permana","gitaramadhanpermana@seblakprasmanan.cth"
140,"Dwi Permata Putri","dwipermataputri@seblakprasmanan.cth"
141,"Andi Setiawati Permana","andisetiawatipermana@seblakprasmanan.cth"
142,"Hani Putri Supriyanto","haniputrisupriyanto@seblakprasmanan.cth"
143,"Eka Agung Hartono","ekaagunghartono@seblakprasmanan.cth"
144,"Dwi Ramadhany Rahmawati","dwiramadhanyrahmawati@seblakprasmanan.cth"
145,"Budi Arya Putri","budiaryaputri@seblakprasmanan.cth"
146,"Citra Setiawan Saputra","citrasetiawansaputra@seblakprasmanan.cth"
147,"Andi Saputra Kusumawardhani","andisaputrakusumawardhani@seblakprasmanan.cth"
148,"Fajar Nur Aditya","fajarnuraditya@seblakprasmanan.cth"
149,"Hani Permata Permana","hanipermatapermana@seblakprasmanan.cth"
150,"Citra Nur Supriyanto","citranursupriyanto@seblakprasmanan.cth"
151,"Gita Rani Putri","gitaraniputri@seblakprasmanan.cth"
152,"Andi Rani Aditya","andiraniaditya@seblakprasmanan.cth"
153,"Citra Ramadhan Wulandari","citraramadhanwulandari@seblakprasmanan.cth"
154,"Andi Putri Saputra","andiputrisaputra@seblakprasmanan.cth"
155,"Eka Permata Putri","ekapermataputri@seblakprasmanan.cth"
156,"Andi Rani Wulandari","andiraniwulandari@seblakprasmanan.cth"
157,"Fajar Wulan Saputra","fajarwulansaputra@seblakprasmanan.cth"
158,"Budi Ramadhan Permana","budiramadhanpermana@seblakprasmanan.cth"
159,"Andi Dewi Aditya","andidewiaditya@seblakprasmanan.cth"
160,"Citra Ramadhany Kusumawardhani","citraramadhanykusumawardhani@seblakprasmanan.cth"
161,"Budi Kusuma Supriyanto","budikusumasupriyanto@seblakprasmanan.cth"
162,"Citra Arya Saputra","citraaryasaputra@seblakprasmanan.cth"
163,"Budi Setiawan Supriyanto","budisetiawansupriyanto@seblakprasmanan.cth"
164,"Fajar Dewi Wulandari","fajardewiwulandari@seblakprasmanan.cth"
165,"Joko Aji Aditya","jokoajiaditya@seblakprasmanan.cth"
166,"Fajar Saputra Aditya","fajarsaputraaditya@seblakprasmanan.cth"
167,"Joko Permata Rahmawati","jokopermatarahmawati@seblakprasmanan.cth"
168,"Eka Putri Wulandari","ekaputriwulandari@seblakprasmanan.cth"
169,"Gita Ramadhan Putri","gitaramadhanputri@seblakprasmanan.cth"
170,"Eka Permata Rahmawati","ekapermatarahmawati@seblakprasmanan.cth"
171,"Budi Permata Kusumawardhani","budipermatakusumawardhani@seblakprasmanan.cth"
172,"Intan Putri Kusumawardhani","intanputrikusumawardhani@seblakprasmanan.cth"
173,"Joko Saputra Wulandari","jokosaputrawulandari@seblakprasmanan.cth"
174,"Budi Wulan Permana","budiwulanpermana@seblakprasmanan.cth"
175,"Budi Permata Wulandari","budipermatawulandari@seblakprasmanan.cth"
176,"Andi Kusuma Hartono","andikusumahartono@seblakprasmanan.cth"
177,"Andi Setiawati Setyaningsih","andisetiawatisetyaningsih@seblakprasmanan.cth"
178,"Joko Setiawati Putri","jokosetiawatiputri@seblakprasmanan.cth"
179,"Eka Aji Permana","ekaajipermana@seblakprasmanan.cth"
180,"Gita Wulan Aditya","gitawulanaditya@seblakprasmanan.cth"
181,"Intan Arya Rahmawati","intanaryarahmawati@seblakprasmanan.cth"
182,"Andi Ramadhany Aditya","andiramadhanyaditya@seblakprasmanan.cth"
183,"Fajar Permata Putri","fajarpermataputri@seblakprasmanan.cth"
184,"Intan Arya Wulandari","intanaryawulandari@seblakprasmanan.cth"
185,"Intan Nur Kusumawardhani","intannurkusumawardhani@seblakprasmanan.cth"
186,"Andi Nur Permana","andinurpermana@seblakprasmanan.cth"
187,"Dwi Ramadhany Permana","dwiramadhanypermana@seblakprasmanan.cth"
188,"Gita Dewi Setyaningsih","gitadewisetyaningsih@seblakprasmanan.cth"
189,"Fajar Aji Setyaningsih","fajarajisetyaningsih@seblakprasmanan.cth"
190,"Gita Agung Kusumawardhani","gitaagungkusumawardhani@seblakprasmanan.cth"
191,"Citra Aji Supriyanto","citraajisupriyanto@seblakprasmanan.cth"
192,"Citra Arya Kusumawardhani","citraaryakusumawardhani@seblakprasmanan.cth"
193,"Dwi Permata Setyaningsih","dwipermatasetyaningsih@seblakprasmanan.cth"
194,"Hani Permata Rahmawati","hanipermatarahmawati@seblakprasmanan.cth"
195,"Joko Ramadhan Wulandari","jokoramadhanwulandari@seblakprasmanan.cth"
196,"Intan Rani Supriyanto","intanranisupriyanto@seblakprasmanan.cth"
197,"Andi Wulan Saputra","andiwulansaputra@seblakprasmanan.cth"
198,"Joko Kusuma Saputra","jokokusumasaputra@seblakprasmanan.cth"
199,"Gita Rani Permana","gitaranipermana@seblakprasmanan.cth"
200,"Intan Arya Saputra","intanaryasaputra@seblakprasmanan.cth"
201,"Citra Setiawati Setyaningsih","citrasetiawatisetyaningsih@seblakprasmanan.cth"
202,"Intan Ramadhan Supriyanto","intanramadhansupriyanto@seblakprasmanan.cth"
203,"Eka Setiawati Saputra","ekasetiawatisaputra@seblakprasmanan.cth"
204,"Citra Putri Saputra","citraputrisaputra@seblakprasmanan.cth"
205,"Joko Arya Rahmawati","jokoaryarahmawati@seblakprasmanan.cth"
206,"Andi Putri Wulandari","andiputriwulandari@seblakprasmanan.cth"
207,"Gita Aji Saputra","gitaajisaputra@seblakprasmanan.cth"
208,"Eka Putri Putri","ekaputriputri@seblakprasmanan.cth"
209,"Hani Kusuma Setyaningsih","hanikusumasetyaningsih@seblakprasmanan.cth"
210,"Intan Saputra Hartono","intansaputrahartono@seblakprasmanan.cth"
211,"Intan Ramadhany Saputra","intanramadhanysaputra@seblakprasmanan.cth"
212,"Intan Ramadhany Aditya","intanramadhanyaditya@seblakprasmanan.cth"
213,"Andi Putri Putri","andiputriputri@seblakprasmanan.cth"
214,"Andi Agung Putri","andiagungputri@seblakprasmanan.cth"
